{
  "7": {
    "1": 1000.0,
    "2": 1900.0,
    "3": 2800.0,
    "4": 3700.0,
    "5": 4600.0,
    "6": 5500.0,
    "7": 6400.0,
    "8": 7300.0,
    "9": 8200.0,
    "10": 9100.0,
    "11": 10000.0,
    "12": 10900.0,
    "13": 11800.0,
    "14": 12700.0,
    "15": 13600.0,
    "16": 14500.0,
    "17": 15400.0,
    "18": 16300.0,
    "19": 17200.0,
    "20": 18100.0
  },
  "8": {
    "1": 950.0,
    "2": 1800.0,
    "3": 2750.0,
    "4": 3633.33333333333,
    "5": 4533.33333333333,
    "6": 5433.33333333333,
    "7": 6333.33333333333,
    "8": 7233.33333333333,
    "9": 8133.33333333333,
    "10": 9033.33333333333,
    "11": 9933.33333333333,
    "12": 10833.3333333333,
    "13": 11733.3333333333,
    "14": 12633.3333333333,
    "15": 13533.3333333333,
    "16": 14433.3333333333,
    "17": 15333.3333333333,
    "18": 16233.3333333333,
    "19": 17133.3333333333,
    "20": 18033.3333333333
  },
  "9": {
    "1": 900.0,
    "2": 1700.0,
    "3": 2700.0,
    "4": 3566.66666666666,
    "5": 4466.66666666666,
    "6": 5366.66666666666,
    "7": 6266.66666666666,
    "8": 7166.66666666666,
    "9": 8066.66666666666,
    "10": 8966.66666666666,
    "11": 9866.66666666666,
    "12": 10766.6666666666,
    "13": 11666.6666666666,
    "14": 12566.6666666666,
    "15": 13466.6666666666,
    "16": 14366.6666666666,
    "17": 15266.6666666666,
    "18": 16166.6666666666,
    "19": 17066.6666666666,
    "20": 17966.6666666666
  },
  "10": {
    "1": 850.0,
    "2": 1600.0,
    "3": 2650.0,
    "4": 3499.99999999999,
    "5": 4399.99999999999,
    "6": 5299.99999999999,
    "7": 6199.99999999999,
    "8": 7099.99999999999,
    "9": 7999.99999999999,
    "10": 8900.0,
    "11": 9800.0,
    "12": 10699.9999999999,
    "13": 11599.9999999999,
    "14": 12499.9999999999,
    "15": 13399.9999999999,
    "16": 14299.9999999999,
    "17": 15199.9999999999,
    "18": 16099.9999999999,
    "19": 16999.9999999999,
    "20": 17899.9999999999
  },
  "11": {
    "1": 800.0,
    "2": 1500.0,
    "3": 2600.0,
    "4": 3433.33333333332,
    "5": 4333.33333333332,
    "6": 5233.33333333332,
    "7": 6133.33333333332,
    "8": 7033.33333333332,
    "9": 7933.33333333332,
    "10": 8833.33333333333,
    "11": 9733.33333333333,
    "12": 10633.3333333332,
    "13": 11533.3333333332,
    "14": 12433.3333333332,
    "15": 13333.3333333332,
    "16": 14233.3333333332,
    "17": 15133.3333333332,
    "18": 16033.3333333332,
    "19": 16933.3333333332,
    "20": 17833.3333333332
  },
  "12": {
    "1": 750.0,
    "2": 1400.0,
    "3": 2550.0,
    "4": 3366.66666666665,
    "5": 4266.66666666665,
    "6": 5166.66666666665,
    "7": 6066.66666666665,
    "8": 6966.66666666665,
    "9": 7866.66666666665,
    "10": 8766.66666666666,
    "11": 9666.66666666666,
    "12": 10566.6666666665,
    "13": 11466.6666666665,
    "14": 12366.6666666665,
    "15": 13266.6666666665,
    "16": 14166.6666666665,
    "17": 15066.6666666665,
    "18": 15966.6666666665,
    "19": 16866.6666666665,
    "20": 17766.6666666665
  },
  "13": {
    "1": 700.0,
    "2": 1300.0,
    "3": 2500.0,
    "4": 3299.99999999998,
    "5": 4199.99999999998,
    "6": 5099.99999999998,
    "7": 5999.99999999998,
    "8": 6899.99999999998,
    "9": 7799.99999999998,
    "10": 8699.99999999999,
    "11": 9599.99999999999,
    "12": 10499.9999999998,
    "13": 11399.9999999998,
    "14": 12299.9999999998,
    "15": 13199.9999999998,
    "16": 14099.9999999998,
    "17": 14999.9999999998,
    "18": 15899.9999999998,
    "19": 16799.9999999998,
    "20": 17699.9999999998
  },
  "14": {
    "1": 650.0,
    "2": 1200.0,
    "3": 2450.0,
    "4": 3233.33333333331,
    "5": 4133.33333333331,
    "6": 5033.33333333331,
    "7": 5933.33333333331,
    "8": 6833.33333333331,
    "9": 7733.33333333331,
    "10": 8633.33333333333,
    "11": 9533.33333333333,
    "12": 10433.3333333331,
    "13": 11333.3333333331,
    "14": 12233.3333333331,
    "15": 13133.3333333331,
    "16": 14033.3333333331,
    "17": 14933.3333333331,
    "18": 15833.3333333331,
    "19": 16733.3333333331,
    "20": 17633.3333333331
  },
  "15": {
    "1": 600.0,
    "2": 1100.0,
    "3": 2400.0,
    "4": 3166.66666666664,
    "5": 4066.66666666664,
    "6": 4966.66666666664,
    "7": 5866.66666666664,
    "8": 6766.66666666664,
    "9": 7666.66666666664,
    "10": 8566.66666666666,
    "11": 9466.66666666666,
    "12": 10366.6666666664,
    "13": 11266.6666666664,
    "14": 12166.6666666664,
    "15": 13066.6666666664,
    "16": 13966.6666666664,
    "17": 14866.6666666664,
    "18": 15766.6666666664,
    "19": 16666.6666666664,
    "20": 17566.6666666664
  },
  "16": {
    "1": 550.0,
    "2": 1000.0,
    "3": 2350.0,
    "4": 3099.99999999996,
    "5": 3999.99999999997,
    "6": 4899.99999999997,
    "7": 5799.99999999997,
    "8": 6699.99999999997,
    "9": 7599.99999999997,
    "10": 8499.99999999999,
    "11": 9399.99999999999,
    "12": 10299.9999999997,
    "13": 11199.9999999997,
    "14": 12099.9999999997,
    "15": 12999.9999999997,
    "16": 13899.9999999997,
    "17": 14799.9999999997,
    "18": 15699.9999999997,
    "19": 16599.9999999997,
    "20": 17499.9999999997
  },
  "17": {
    "1": 500.0,
    "2": 900.0,
    "3": 2300.0,
    "4": 3033.33333333329,
    "5": 3933.3333333333,
    "6": 4833.3333333333,
    "7": 5733.3333333333,
    "8": 6633.3333333333,
    "9": 7533.3333333333,
    "10": 8433.33333333332,
    "11": 9333.33333333332,
    "12": 10233.333333333,
    "13": 11133.333333333,
    "14": 12033.333333333,
    "15": 12933.333333333,
    "16": 13833.333333333,
    "17": 14733.333333333,
    "18": 15633.333333333,
    "19": 16533.333333333,
    "20": 17433.333333333
  },
  "18": {
    "1": 450.0,
    "2": 800.0,
    "3": 2250.0,
    "4": 2966.66666666662,
    "5": 3866.66666666663,
    "6": 4766.66666666663,
    "7": 5666.66666666663,
    "8": 6566.66666666663,
    "9": 7466.66666666663,
    "10": 8366.66666666665,
    "11": 9266.66666666665,
    "12": 10166.6666666663,
    "13": 11066.6666666663,
    "14": 11966.6666666663,
    "15": 12866.6666666663,
    "16": 13766.6666666663,
    "17": 14666.6666666663,
    "18": 15566.6666666663,
    "19": 16466.6666666663,
    "20": 17366.6666666663
  },
  "19": {
    "1": 400.0,
    "2": 700.0,
    "3": 2200.0,
    "4": 2899.99999999995,
    "5": 3799.99999999996,
    "6": 4699.99999999996,
    "7": 5599.99999999996,
    "8": 6499.99999999996,
    "9": 7399.99999999996,
    "10": 8299.99999999999,
    "11": 9199.99999999999,
    "12": 10099.9999999996,
    "13": 10999.9999999996,
    "14": 11899.9999999996,
    "15": 12799.9999999996,
    "16": 13699.9999999996,
    "17": 14599.9999999996,
    "18": 15499.9999999996,
    "19": 16399.9999999996,
    "20": 17299.9999999996
  },
  "20": {
    "1": 350.0,
    "2": 600.0,
    "3": 2150.0,
    "4": 2833.33333333328,
    "5": 3733.33333333329,
    "6": 4633.33333333329,
    "7": 5533.33333333329,
    "8": 6433.33333333329,
    "9": 7333.33333333329,
    "10": 8233.33333333332,
    "11": 9133.33333333332,
    "12": 10033.3333333329,
    "13": 10933.3333333329,
    "14": 11833.3333333329,
    "15": 12733.3333333329,
    "16": 13633.3333333329,
    "17": 14533.3333333329,
    "18": 15433.3333333329,
    "19": 16333.3333333329,
    "20": 17233.3333333329
  },
  "21": {
    "1": 300.0,
    "2": 500.0,
    "3": 2100.0,
    "4": 2766.66666666661,
    "5": 3666.66666666662,
    "6": 4566.66666666662,
    "7": 5466.66666666662,
    "8": 6366.66666666662,
    "9": 7266.66666666662,
    "10": 8166.66666666665,
    "11": 9066.66666666665,
    "12": 9966.66666666619,
    "13": 10866.6666666662,
    "14": 11766.6666666662,
    "15": 12666.6666666662,
    "16": 13566.6666666662,
    "17": 14466.6666666662,
    "18": 15366.6666666662,
    "19": 16266.6666666662,
    "20": 17166.6666666662
  }
}
